Title,URL,Date
What Is Data Scraping And How Can You Use It? | Target ...,https://www.targetinternet.com/what-is-data-scraping-and-how-can-you-use-it/,"Sep 13, 2017 - Uploaded by Lucy Provost"
What is DATA SCRAPING? What does DATA SCRAPING ...,https://www.youtube.com/watch?v=omTtMylcWOI,"Sep 21, 2017 - Uploaded by The Audiopedia"
What is Web Scraping and How Does Web Crawling Work?,https://www.scrapinghub.com/what-is-web-scraping,"May 18, 2019 - Uploaded by Scrapinghub"
Web Scraping Tutorial - How to Scrape Modern Websites for ...,https://www.youtube.com/watch?v=vsmxMLmroyQ,"Mar 11, 2017 - Uploaded by Fullstack Academy"
What is Web Scraping and What is it Used For? | ParseHub,https://www.parsehub.com/blog/what-is-web-scraping/,"Aug 6, 2019 - Uploaded by ParseHub"
Best Data Scraping Tools for 2020 (Top 10 Reviews) | Octoparse,https://www.octoparse.com/blog/best-data-scraping-tools-for-2019-top-10-reviews,"Jun 3, 2019 - Uploaded by Octoparse"
Web Data Extraction Automation - UiPath,https://www.uipath.com/developers/video-tutorials/web-data-extraction-automation,"Oct 6, 2014 - Uploaded by UiPath"
20 best web scraping tools for 2020 - ScrapingBee,https://www.scrapingbee.com/blog/web-scraping-tools/,"Feb 19, 2020 - Uploaded by Web Scraper"
Top 30 Free Web Scraping Software in 2020 | Octoparse,https://www.octoparse.com/blog/top-30-free-web-scraping-software,"May 19, 2019 - Uploaded by Octoparse"
Best Data Scraping Tools for 2020 (Top 10 Reviews) | by ...,https://medium.com/datadriveninvestor/best-data-scraping-tools-for-2019-top-10-reviews-4a686061a184,"May 6, 2019 - Uploaded by Octoparse"
"Big Data: What Is Web Scraping, and Why Does It Matter ...",https://www.octoparse.com/blog/big-data-what-is-web-scraping-and-why-does-it-matter,"Feb 24, 2020 - Uploaded by Octoparse"
10 Myths about Web Scraping [NEW] | Octoparse,https://www.octoparse.com/blog/10-myths-about-web-scraping,"Jul 30, 2019 - Uploaded by Octoparse"
Web Scraping vs API: What's the Difference? | ParseHub,https://www.parsehub.com/blog/web-scraping-vs-api/,"Mar 9, 2020 - Uploaded by ParseHub"
ImportFromWeb | Easy Web Scraping - G Suite Marketplace,https://gsuite.google.com/marketplace/app/importfromweb_easy_web_scraping/278587576794,"Feb 5, 2020 - Uploaded by NoDataNoBusiness"
Web Crawling vs Web Scraping: The Differences - Blog ...,https://oxylabs.io/blog/crawling-vs-scraping,"Jun 2, 2020 - Uploaded by Oxylabs"
Web Scraping Tutorial - How to Seed your Database with Web ...,https://www.youtube.com/watch?v=_opDs6UPDyo,"Mar 10, 2017 - Uploaded by Fullstack Academy"
Web Scraping Examples: How are Businesses Using Web ...,https://www.parsehub.com/blog/web-scraping-examples/,"Oct 28, 2019 - Uploaded by ParseHub"
Automate Web Data Extraction and Data Scraping ...,https://www.helpsystems.com/product-lines/automate/data-scraping-extraction,"Sep 6, 2015"
5 Best Web Scraping Tools in 2020! - YouTube,https://www.youtube.com/watch?v=QbkXCkcmHJI,"Apr 8, 2019 - Uploaded by Octoparse"
Tutorial - How to Scrape Data from Websites with Data Miner ...,https://www.youtube.com/watch?v=Zrq5E0zagGw,"Dec 4, 2019 - Uploaded by Derek Caelin"
"Data Scraping from websites into Excel | Web Scraping, Lead ...",https://www.youtube.com/watch?v=YQbe20G0ZSM,"Jan 6, 2018 - Uploaded by Md Al Amin"
Scraping Data from Website to Excel (Tutorial 2020) | Octoparse,https://www.octoparse.com/blog/scraping-data-from-website-to-excel,"Feb 1, 2020 - Uploaded by Octoparse"
Data Scraping and Mining From Websites Free No Coding ...,https://www.youtube.com/watch?v=CKRjXZSgg-g,"Feb 21, 2017 - Uploaded by Just2 Techno"
Data Scraping Automation Webinar | HelpSystems,https://www.helpsystems.com/resources/on-demand-webinars/automate-data-scraping,"Feb 24, 2017"
Intro to Web Scraping with Python and Beautiful Soup - YouTube,https://www.youtube.com/watch?v=XQgXKtPSzUI,"Jan 7, 2017 - Uploaded by Data Science Dojo"
15 Most Frequently Asked Questions about Web Scraping (Q&A),https://www.octoparse.com/blog/15-most-frequently-asked-questions-of-web-scraping,"Feb 1, 2019 - Uploaded by Octoparse"
Web Scraping vs. Data API Scraping - Alternatives to HTML ...,https://www.youtube.com/watch?v=zj7pXM9gE5M,"Jun 1, 2020 - Uploaded by Stevesie Data"
Web Scraping vs Data Mining: What's the Difference ...,https://www.parsehub.com/blog/web-scraping-vs-data-mining/,"Mar 2, 2020 - Uploaded by ParseHub"
How much does Web Scraping cost? | ParseHub,https://www.parsehub.com/blog/web-scraping-cost/,"Apr 6, 2020 - Uploaded by ParseHub"
Web Scraping: The Comprehensive Guide for 2020 ...,https://prowebscraper.com/blog/what-is-web-scraping/,"Feb 17, 2020 - Uploaded by ProWebScraper"
Screen Scraping Software - RPA | UiPath,https://www.uipath.com/solutions/technology/screen-scraping,"Dec 5, 2014 - Uploaded by UiPath"
Top 5 Social Media Scraping Tools for 2020 | Octoparse,https://www.octoparse.com/blog/top-5-social-media-scraping-tools-for-2018,"Oct 17, 2018 - Uploaded by Octoparse"
Web scraping: Reliably and efficiently pull data from pages ...,https://www.youtube.com/watch?v=52wxGESwQSA,"Mar 9, 2012 - Uploaded by Next Day Video"
The A-Z of Web Scraping in 2020 [A How-To Guide],https://dataflowkit.com/blog/what-is-a-present-day-web-scraper/,"Jun 7, 2020 - Uploaded by Dmitry Narizhnykh"
Web Scraping Services - 1/3 of fortune 500 companies trust ...,https://www.mozenda.com/services/,"Mar 2, 2019"
Screen Scraping Any Desktop Application - UiPath,https://www.uipath.com/developers/video-tutorials/screen-scraping-desktop-application,"Dec 19, 2014 - Uploaded by UiPath"
Web Scraping with Python | NTU Library - Blogs@NTU,https://blogs.ntu.edu.sg/ntulibrary/2019/01/24/web-scraping-with-python/,"Jan 24, 2019 - Uploaded by Data Science Dojo"
Is Web Scraping Easy? How to Scrape Data without Coding ...,https://www.parsehub.com/blog/web-scraping-easy/,"Feb 10, 2020 - Uploaded by ParseHub"
5 Top Tips for Data Scraping Using Selenium in Python | by ...,https://towardsdatascience.com/5-top-tips-for-data-scraping-using-selenium-d8b83804681c,"Aug 9, 2020 - Uploaded by Stephen Fordham"
How I learned Web Scraping with Python ( Book Review ) | by ...,https://medium.com/@mahmudahsan/how-i-learned-web-scraping-with-python-book-review-339fd8feee91,"Jul 4, 2020 - Uploaded by Mahmud Ahsan"
Top 20 Web Crawling Tools to Scrape the Websites Quickly ...,https://www.octoparse.com/blog/top-20-web-crawling-tools-for-extracting-web-data,"Aug 23, 2019 - Uploaded by Octoparse"
An Intro to Web Scraping with Python - Chi Hack Night ...,https://chihacknight.org/blog/2014/11/26/an-intro-to-web-scraping-with-python.html,"Nov 26, 2014 - Uploaded by Webucator"
What is WEB SCRAPING? What does WEB SCRAPING mean ...,https://www.youtube.com/watch?v=7IUfRVYew-o,"Jan 20, 2017 - Uploaded by The Audiopedia"
Data scraping from single pages | Octoparse,https://www.octoparse.com/tutorial/single-page-web-scraping-octoparse,"Jun 23, 2016 - Uploaded by Octoparse"
Can you Make Money from Web Scraping? Of Course ...,https://www.parsehub.com/blog/web-scraping-money/,"Mar 30, 2020 - Uploaded by ParseHub"
Data Scraping In UiPath Rpa Example - YouTube,https://www.youtube.com/watch?v=WtyiwEVF2-w,"May 31, 2019 - Uploaded by KB Tutorials"
The Essential Guide To Web Scraping Tools | Understanding ...,https://understandingdata.com/web-scraping-tools/,"Mar 27, 2020 - Uploaded by ParseHub"
Web scraping services - turn websites into spreadsheets - The ...,https://www.teoalida.com/database/webscraping/,"Jan 8, 2019 - Uploaded by Teoalida"
How To Scrape Web Data – The Basics (Webinar) - Mozenda,https://www.mozenda.com/webinar-video-scrape-web-data-basics/,"Feb 15, 2018 - Uploaded by MozendaSupport"
UiPath Data Scraping (Web Page to Excel) - Tutorial - YouTube,https://www.youtube.com/watch?v=vIAJvk4quqA,"Jan 22, 2020 - Uploaded by Anders Jensen"
Tidy web scraping in R — Tutorial and resources | by Keith ...,https://towardsdatascience.com/tidy-web-scraping-in-r-tutorial-and-resources-ac9f72b4fe47,"Aug 16, 2019 - Uploaded by Yrrah0015"
Extract Data from any Website using Data Scraper - Easy Web ...,https://www.youtube.com/watch?v=B7yyemwCf7g,"Nov 11, 2017 - Uploaded by ITfriend"
"Automate Data Extraction – Web Scraping, Screen Scraping ...",https://www.youtube.com/watch?v=NwhG7e67sHo,"Jul 21, 2016 - Uploaded by HelpSystems"
How to Generate Sales Leads Using Web Scraping | Octoparse,https://www.octoparse.com/blog/lead-generation-with-web-scraping,
9 Popular Cloud-based Web Scraping Solutions - Geekflare,https://geekflare.com/web-scraping-tools/,"Sep 29, 2019 - Uploaded by Web Scraper"
Data scraping from details of Lists/tables in web pages ...,https://www.octoparse.com/tutorial/list-detail-page-introduction,"Mar 9, 2016 - Uploaded by Octoparse"
"Mozenda Web Scraping Software Trusted, Scalable and Fast",https://www.mozenda.com/web-scraping-software/,"Sep 9, 2015"
AI Web Scraping: Scrape Ecommerce Website with Auto ...,https://www.octoparse.com/blog/extract-data-with-auto-detection,"May 18, 2020 - Uploaded by Octoparse"
Web Scraping Examples: How Businesses Use Web Scraping ...,https://www.youtube.com/watch?v=2XfA0e4Bzkk,"Nov 11, 2019 - Uploaded by ParseHub"
Is Web Scraping Legal? | ParseHub,https://www.parsehub.com/blog/web-scraping-legal/,"Oct 7, 2019 - Uploaded by ParseHub"
using Web Scraper now!,https://webscraper.io/?ref=recruiterstackbyinstalent,"May 15, 2019 - Uploaded by Web Scraper"
Web Scraping for Lead Generation | Octoparse,https://www.octoparse.com/blog/web-scraping-for-lead-generation,"Aug 29, 2017 - Uploaded by Octoparse"
Web Scraping Tutorial | Python Beautifulsoup ... - YouTube,https://www.youtube.com/watch?v=mKxFfjNyj3c,"Dec 12, 2017 - Uploaded by edureka!"
Best Web Scraper for Mac: Scrape Data from Any Website ...,https://www.octoparse.com/blog/best-web-scraper-for-mac,"Jun 5, 2020 - Uploaded by Octoparse"
Automated data scraping from websites into Excel - YouTube,https://www.youtube.com/watch?v=qbOdUaf4yfI,"Nov 4, 2012 - Uploaded by Dinesh Kumar Takyar"
How to Scrape a Website that Requires Login | ParseHub,https://www.parsehub.com/blog/web-scrape-login/,"Jan 20, 2020 - Uploaded by ParseHub"
Creating a horse racing Tableau dashboard from data scraping,https://www.import.io/post/data-scraping-horse-racing/,"Apr 13, 2018 - Uploaded by Craig S Dewar"
"Web scraping doesn't violate anti-hacking law, appeals court ...",https://arstechnica.com/tech-policy/2019/09/web-scraping-doesnt-violate-anti-hacking-law-appeals-court-rules/,"Sep 9, 2019"
How Web Scraping for Content Curation Works | Octoparse,https://www.octoparse.com/blog/how-web-scraping-for-content-curation-works,"Aug 14, 2019 - Uploaded by Octoparse"
Step-by-step Complete Guide to Web Scraping with Python,https://www.digitalvidya.com/blog/web-scraping-with-python/,"May 6, 2019 - Uploaded by Corey Schafer"
News from OpenRPA and Data Scraping to Excel Tutorial ...,https://www.youtube.com/watch?v=9E_jIxxITpQ,"Apr 22, 2020 - Uploaded by Anders Jensen"
About Scrapinghub - The World's Leading Web Scraping ...,https://www.scrapinghub.com/about,"Nov 21, 2018"
How does web scraping work? | ParseHub,https://www.parsehub.com/blog/how-web-scraping-works/,"Feb 24, 2020 - Uploaded by ParseHub"
Automate Web Data Extraction - UiPath Studio - YouTube,https://www.youtube.com/watch?v=m_PkWeHSOrE,"Oct 6, 2014 - Uploaded by UiPath"
UiPath - How to Data Scrape from a web page and save to ...,https://www.youtube.com/watch?v=96ZfYM3z28w,"Apr 4, 2020 - Uploaded by Anders Jensen"
How to Scrape Websites Without Being Blocked? | Octoparse,https://www.octoparse.com/blog/scrape-websites-without-being-blocked,"Jul 5, 2019 - Uploaded by Octoparse"
Web Scraping Tool to Extract Data from Websites - Agenty,https://www.agenty.com/products/scraping-agent/,"Oct 30, 2019 - Uploaded by Agenty"
Scraping tweets from Twitter | Octoparse,https://www.octoparse.com/tutorial-7/scrape-tweets-from-twitter,"Jun 11, 2020 - Uploaded by Octoparse"
Screen Scraping That Works For You - UiPath,https://www.uipath.com/blog/screen-scraping-that-works-for-you,"Nov 5, 2014 - Uploaded by UiPath"
Web Scraping with no coding - DEV - Dev.to,https://dev.to/princepeterhansen/web-scraping-with-no-coding-27ma,"Feb 18, 2020 - Uploaded by WebDev"
Web Scraping with Python Made Easy | by Jose Manu ...,https://towardsdatascience.com/web-scraping-with-python-made-easy-f069ffaf7754,"Jan 28, 2020 - Uploaded by Coding Fun"
Scrape business information from Yelp | Octoparse,https://www.octoparse.com/tutorial-7/scrape-business-information-from-yelp,"Jun 11, 2020 - Uploaded by Octoparse"
Data Scraping Services | F6S,https://www.f6s.com/datascrapingservices,"Jan 8, 2017"
Automated Web Scraping in R Part 1| Writing your Script using ...,https://www.youtube.com/watch?v=smriIBG08ok,"Dec 20, 2018 - Uploaded by Data Science Dojo"
Python Web Scraping Tutorial – Linux Hint,https://linuxhint.com/python-web-scraping-tutorial/,"Jul 13, 1997"
Web Scraping: How to Get Coronavirus Data (COVID-19 ...,https://www.octoparse.com/blog/get-real-time-coronavirus-data-sars-cov-2,"Feb 13, 2020 - Uploaded by Octoparse"
Data scraping from URLs in web pages | Octoparse,https://www.octoparse.com/tutorial/urls-introduction,"Mar 9, 2016 - Uploaded by Octoparse"
AI Web Scraping: Scrape Ecommerce Website with Auto ...,https://www.youtube.com/watch?v=HDrzUgRW-ec,"May 14, 2020 - Uploaded by Octoparse"
Web Scraping Python Tutorial - Web Scraping using Python ...,https://intellipaat.com/blog/tutorial/python-tutorial/python-web-scraping-tutorial/,"Jun 13, 2020 - Uploaded by Intellipaat"
Beyond Scraping: How to Use Machine Learning When You're ...,https://www.youtube.com/watch?v=q0lQAMqQViA,"Jul 16, 2018 - Uploaded by Enthought"
How to Build a Web Crawler– A Guide for Beginners | Octoparse,https://www.octoparse.com/blog/how-to-build-a-web-crawler-from-scratch-a-guide-for-beginners,"Jun 4, 2019 - Uploaded by Octoparse"
Ubiquity and danger: The web scraping economy - Help Net ...,https://www.helpnetsecurity.com/2016/08/31/web-scraping-economy/,"Aug 31, 2016"
Introduction to Web Scraping (Python) - Lesson 02 (Scrape ...,https://www.youtube.com/watch?v=H8wUYz22joM,"Jan 31, 2016 - Uploaded by SAF Business Analytics"
5 Anti-Scraping Techniques You May Encounter | Octoparse,https://www.octoparse.com/blog/5-anti-scraping-techniques-you-may-encounter,"Aug 9, 2019 - Uploaded by Octoparse"
Web Scraping With Google Sheets. Four different functions ...,https://medium.com/better-programming/web-scraping-with-google-sheets-20d0dce323cc,"May 16, 2018 - Uploaded by Ben R"
Modern Web Scraping Guide - Fireship.io,https://fireship.io/lessons/web-scraping-guide/,"Jul 17, 2019 - Uploaded by Fireship"
Top 10 best web scraping tools in 2019 (Reviews ... - Medium,https://medium.com/@austinfield77/top-10-best-web-scraping-tools-in-2019-reviews-comparison-6b3216214238,"Aug 6, 2019 - Uploaded by Scrapinghub"
About Octoparse | Octoparse,https://www.octoparse.com/blog/what-is-octoparse,"Apr 10, 2020 - Uploaded by Octoparse"
Simple Data Scraping with a Windows VM (on Mac ... - Medium,https://medium.com/@realtoughcandy/simple-data-scraping-with-a-windows-vm-on-mac-mozenda-web-scraper-4933b56277f0,"Mar 23, 2019"
Web Scraper intro tutorial - YouTube,https://www.youtube.com/watch?v=n7fob_XVsbY,"Jun 25, 2019 - Uploaded by Web Scraper"
